district,capacity,name,latitude,longitude
Ranga Reddy,"Godown,  5000 MT's  ",Moinabad,17.333267,78.288869
Ranga Reddy,"Godown,  2500 MT's",Shankarpally,17.451972,78.132948
Ranga Reddy,"Godown,  5000 MT's",Chevella,17.31047,78.13978
Ranga Reddy,"Godown,  10000 MT's",Shadnagar,17.041282,78.200179
Ranga Reddy,"Godown,  2500 MT's",Ibrahimpatnam,17.188829,78.646914
Ranga Reddy,"Godown,  2500 MT's",Sardarnagar,17.092174,78.162403
Ranga Reddy,"Godown,  2500 MT's",Amangal,,
Ranga Reddy,5000MT Godown ,Maheshwaram/ Ibrahimpnam,17.089751,78.4571
Ranga Reddy,5000MT Godown ,Dawoodkhanguda/ Gaddiannaram,17.299692,78.53342
Ranga Reddy,5000MT Godown   ,Keshampet/ Shadnagar,16.996082,78.302725
Ranga Reddy,5000MT Godown  ,Telkondapally/ Amangal,,
Ranga Reddy,5000MT Godown,Kandukuru / Ibrahimpnam,17.089751,78.4571
Ranga Reddy,5000MT Godown   ,Kondurg/ Shadnagar,17.094499,78.031256
Ranga Reddy,"Godown,  2500 MT's",Manchal (M),,
Ranga Reddy,"Godown,  2500 MT's",Thakkallapally(V)/         Yacharam(M),,
Ranga Reddy,5000MT Godown   ,Kothur/ Shadnagar,,
Ranga Reddy,"Godown,  2500 MT's",Narsingi/Babbuguda,,
Vikarabad  ,"Godown,  2500 MT's",Vikarabad,17.342249,77.908049
Vikarabad  ,"Godown,  2500 MT's",Dharur,17.316675,77.777187
Vikarabad  ,"Godown,   5000MT's",Kosgi/ Kodangal,17.11334,77.621134
Vikarabad  ,"Godown,  2500 MT's",Marpally,17.539945,77.759896
Vikarabad  ,5000MT Godown,Doulthabad/ Kosgi,17.050974,77.605019
Vikarabad  ,5000MT Godown ,Nawabpet/       Vikarabad,17.425944,77.980502
Vikarabad  ,10000MT Godown,Jafferpally/ Parigi,17.133388,77.915853
Vikarabad  ,7500 MT Godown,Yalal/Tandur,17.265004,77.62565
Malkajgiri (Medchal) ,"Godown,  2500 MT's",Medchal,17.591715,78.492793
Malkajgiri (Medchal) ,5000MT Godown,Keesara / Medchal,17.521641,78.656248
Malkajgiri (Medchal) ,5000MT Godown ,Shameerpeet/ Medchal,17.600291,78.544178
Malkajgiri (Medchal) ,5000MT Godown,Ghatkesar / Gaddiannaram,,
Mahabubnagar ,"Godown,   2500 MT's",Mahabubnagar,16.754646,77.993231
Mahabubnagar ,"Godown,  5000 MT's",Makthal/ Krishna,16.407214,77.32609
Mahabubnagar ,"Godown,  2500 MT's",Narayanpet,16.684639,77.45842
Mahabubnagar ,5000MT Godown    ,Boothpoor/ Badepally,16.639446,78.132169
Mahabubnagar ,5000MT Godown   ,Midjil/ Badepally,16.680126,78.339558
Mahabubnagar ,5000MT Godown,      Balanagar/     Badepally,16.936219,78.184161
Mahabubnagar ,5000MT Godown   ,Deverakadra,16.624047,77.839766
Mahabubnagar ,5000MT Godown   ,C.C Kunta/ Devarakadra,16.455379,77.781143
Mahabubnagar ,5000MT Godown ,Damaragidda/ Kosgi,16.935498,77.496872
Mahabubnagar ,5000MT Godown   ,Makthal,16.431243,77.500648
Mahabubnagar ,5000MT Godown  ,Koikonda/ Mahabubnagar,16.827084,77.855988
Mahabubnagar ,5000MT Godown  ,Dorepalli(V)/ Maddur(M),,
Mahabubnagar ,"Godown,  2500 MT's",Narwa(M),,
Mahabubnagar ,"Godown,  2500 MT's",Chinnambavi (M),,
Mahabubnagar ,"Godown,  2500 MT's",Janampet(V)/ Moosapeta(M) ,16.634513,77.989767
Mahabubnagar ,5000MT Godown  ,Dhanwada(M),,
Mahabubnagar ,5000MT Godown  ,Hanwada(M),,
Nagarkurnool,10000,Kalwakurthy,16.671035,78.495731
Nagarkurnool,5000,Achampet,16.400378,78.63799
Nagarkurnool,5000,Thimmajipet/ Nagarkurnool,16.663622,78.191307
Nagarkurnool,5000,Kollapur,16.111317,78.30867
Nagarkurnool,5000,Peddakothapally/ kollapur ,16.290178,78.359105
Nagarkurnool,5000,Kodair/ Kollapur,16.263633,78.290639
Nagarkurnool,5000,Lingal/ Achampet,16.273189,78.519762
Nagarkurnool,5000,Balmoor/ Achampeta,16.354468,78.561516
Nagarkurnool,5000,Uppununthala/ Achampet,16.404239,78.585548
Nagarkurnool,5000,Veldanda/ Kalwakurthy,16.789331,78.535487
Nagarkurnool,5000,Amrabad,16.3764,78.83007
Nagarkurnool,5000,Telkapally/ Nagarkurnool,16.472175,78.467552
Nagarkurnool,5000,Vangoor/ Kalwakurthy,16.61315,78.641151
Nagarkurnool,5000,Tadoor/ Nagarkurnool,16.536039,78.338222
Nagarkurnool,10000,Nagarkurnool (New yard),16.470711,78.334952
Nagarkurnool,5000,Bijinapally/ Nagarkurnool,16.605287,78.132965
Wanaparthy ,"Godown,  10000 MT's",Wanaparthy Road,16.386244,77.884011
Wanaparthy ,"Godown,  10000 MT's",Wanaparthy Road / Pebbair,16.206851,77.993939
Wanaparthy ,5000MT Godown   ,Atmakur,16.344738,77.797022
Wanaparthy ,5000MT Godown  ,Ghanpur/ Wanaparthy Town,16.53405,78.045673
Wanaparthy ,5000MT Godown   ,Peddamandadi/ Wanaparthy Town,16.470918,77.940116
Wanaparthy ,5000MT Godown   ,Pangal/ kollapur,16.252447,78.128466
Wanaparthy ,5000MT Godown   ,Kothakota/ Wanaparthy Road,16.377182,77.917614
Wanaparthy ,5000MT Godown ,Weepanagandla/ Kollapur,16.113441,78.116038
Wanaparthy ,"Godown,   10000 MT's",  Wanaparthy Town             (New yard),16.407212,78.082066
Wanaparthy ,5000MT Godown   ,Gopalpet/ Nagarkurnool,16.383266,78.145753
Gadwal (Jogulamba),"Godown,  10000 MT's",Gadwal,16.225709,77.804136
Gadwal (Jogulamba),"Godown,  5000 MT's",Alampur,15.918686,78.020872
Gadwal (Jogulamba),5000MT Godown ,Dharur/ Gadwal,16.254572,77.596925
Gadwal (Jogulamba),5000MT Godown   ,Maldakal/ Gadwal,16.087109,77.691339
Gadwal (Jogulamba),5000MT Godown ,Waddepally/ Alampur,15.982226,77.84691
Gadwal (Jogulamba),5000MT Godown   ,Ieeza/ Gadwal,16.024131,77.664136
Gadwal (Jogulamba),10000MT Godown   ,Itikyal/ Alampur,16.093085,77.862723
Gadwal (Jogulamba),5000MT Godown  ,Ghattu/ Gadwal,16.168354,77.591487
Gadwal (Jogulamba),5000MT Godown   ,Monapad/ Alampur,15.918589,78.022731
Nalgonda ,"Godown,  5000 MT's",Nalgonda/ Thipparthy,17.013334,79.421272
Nalgonda ,"Godown,  5000 MT's",Nalgonda/ Kangal,16.955079,79.201102
Nalgonda ,"Godown,  5000 MT's",Chandur/ Munugodu ,17.079527,79.079475
Nalgonda ,"Godown,  2500 MT's",Chityal,17.234121,79.122409
Nalgonda ,"Godown,  5000 MT's",Nakrekal/ Shaligowraram ,17.298224,79.383307
Nalgonda ,"Godown,  10000MT's",Miryalaguda / Damaracherla,16.720483,79.631801
Nalgonda ,"Godown,  2500 MT's",Nidamanoor,16.816194,79.366479
Nalgonda ,"Godown,  2500 MT's",Deverakonda/ Kondamallepally,16.711554,78.981485
Nalgonda ,"Godown,  5000 MT's",V.Nagar,16.971564,79.733456
Nalgonda ,"Godown,  10000MT's",V.Nagar/ Chintapalli,16.816365,78.833545
Nalgonda ,"Godown,  5000 MT's",V.Nagar/ Nampally,16.885227,78.950828
Nalgonda ,"Godown,  5000 MT's",Haliya/ Tirumalagiri,16.725701,79.332103
Nalgonda ,5000MT Godown  ,Deverakonda,16.691441,78.876289
Nalgonda ,5000MT Godown  ,      Marriguda /   T. Nagar,16.961713,78.868994
Nalgonda ,5000MT Godown  ,P.A. Pally / Devarakonda,16.721152,79.096112
Nalgonda ,5000MT Godown  ,Kattangur (M),,
Nalgonda ,5000MT Godown  ,Kethepally (M),,
Nalgonda ,5000MT Godown  ,Anumula / Haliya,16.763755,79.290733
Suryapet ,5000MT Godown  ,Nuthankal / Thungathurhy,17.317729,79.714691
Suryapet ,"Godown,  5000 MT's",Tirumalagiri Thunganthurty                      (New yard),17.419021,78.58864
Suryapet ,5000MT Godown  ,Atmakur (S) / Suryapet,17.24875,79.68717
Suryapet ,5000MT Godown  ,Arvapalli / Thungathurthy,17.279716,78.526006
Suryapet ,5000MT Godown  ,Chilkur(M),16.961808,79.902914
Suryapet ,5000MT Godown  ,Suryapet(M),,
Suryapet ,5000MT Godown  ,Chivemla(M),,
Suryapet ,5000MT Godown  ,Penpahad(M),16.983992,79.663734
Suryapet ,"Godown,  2500 MT's",Garidepally(M),,
Suryapet ,"Godown,  2500 MT's", Mettampally(M),,
Yadadri ,"Godown,  5000 MT's",Alair,17.648892,79.061984
Yadadri ,"Godown,  5000 MT's",Alair/ Motakondur,17.55608,79.049039
Yadadri ,"Godown,  2500 MT's",Mothkur/ Atmakur,,
Yadadri ,"Godown,  5000 MT's",Choutuppal,17.25293,78.892812
Yadadri ,"Godown,  5000 MT's",Voligonda/ Ramannapeta ,,
Yadadri ,"Godown,  5000 MT's",Voligonda,17.429559,79.30423
Yadadri ,5000MT Godown  ,B.Pochampally / Bhongiri,17.29871,78.812581
Yadadri ,5000MT Godown  ,Rajapet / Alair,17.738358,78.929601
Yadadri ,5000MT Godown  ,Bommalaramaram / Bhongiri,17.541042,78.797668
Yadadri ,5000MT Godown  ,Turkapally / Alair,17.619059,78.841023
Yadadri ,5000MT Godown  ,Mothkur,,
Warangal Urban ,"Godown,   5000MT's",Warangal,17.998847,79.627862
Warangal Urban ,5000MT Godown  ,Hanamkonda/ Warangal,18.003539,79.627843
Warangal Urban ,"Godown,  5000 MT's",Huzurabad/ Elakurthy,18.100657,79.452
Warangal Urban ,5000MT Godown   ,Bheemadevarpalle/Huzurabad,18.095424,79.341487
Warangal Urban ,5000MT Godown ,Dharmasagar/ Warangal,17.990141,79.41051
Warangal Urban ,5000MT Godown,Hasanparthy/ Athmakur,18.034397,79.534914
Warangal Rural ,"Godown,  5000 MT's",Nekkonda,17.801516,79.807044
Warangal Rural ,"Godown,  2500 MT's",Ellanda,17.796501,79.595577
Warangal Rural ,"Godown,  2500 MT's",Rayaparthy,17.719907,79.602228
Warangal Rural ,"Godown,  5000 MT's",Parkal,18.190622,79.708143
Warangal Rural ,"Godown,  5000 MT's",Narsampet,17.921874,79.898224
Warangal Rural ,"Godown,   5000MT's",     Warangal /                Parvhigiri (S.Y),17.736407,79.727394
Warangal Rural ,5000MT Godown  ,Chennaraopet/ Narsampet,17.875552,79.854521
Warangal Rural ,5000MT Godown  ,Shayampet/ Parkal,18.107244,79.737098
Warangal Rural ,5000MT Godown ,Geesugonda/ Warangal ,17.977437,79.659825
Warangal Rural ,5000MT Godown  ,Nallabelly/ Narsampet,18.042114,79.862616
Warangal Rural ,5000MT Godown ,Athmakur,18.075259,79.71542
Warangal Rural ,5000MT Godown,Duggondi/ Narsampet,17.998313,79.81144
Warangal Rural ,5000MT Godown ,Khanapur/ Narsampet,17.894672,79.927831
Mahabubabad ,"Godown,  2500 MT's",Mahabubabad,17.592803,80.009655
Mahabubabad ,"Godown,  5000 MT's",Mahabubabad/ Dornakal ,17.438187,80.144006
Mahabubabad ,"Godown,  2500 MT's",Kesamudram,17.689503,79.890492
Mahabubabad ,"Godown,  2500 MT's",Thorrur,17.580084,79.760163
Mahabubabad ,"Godown,  2500 MT's",Thorrur /                   Nellikudur ,17.580014,79.890492
Mahabubabad ,5000MT Godown ,Gudur/ Nekkonda,17.796071,79.969213
Mahabubabad ,5000MT Godown  ,Maripeda/ Kesamudram,17.368325,79.850745
Jaishankar(Bhoopalapalli)  ,"Godown,  5000 MT's",Mulugu / Govindaraopet (SY),18.194315,80.133885
Jaishankar(Bhoopalapalli)  ,"Godown,   5000MT's",Mulugu/          Mangapet,18.255502,80.50167
Jaishankar(Bhoopalapalli)  ,"Godown,  2500 MT's",Mulugu/ Tadwai ,18.236038,80.314345
Jaishankar(Bhoopalapalli)  ,"Godown,  5000 MT's",Venkatapuram,,
Jaishankar(Bhoopalapalli)  ,5000MT Godown  ,Regonda/ Parkal,18.223586,79.774145
Jaishankar(Bhoopalapalli)  ,5000MT Godown ,Mulugu Ghanpur/ Mulugu,18.31005,79.873051
Jaishankar(Bhoopalapalli)  ,5000MT Godown,Chityal/ Parkal,18.32695,79.684267
Jaishankar(Bhoopalapalli)  ,5000MT Godown ,Wazeed/ Cherla,,
Jaishankar(Bhoopalapalli)  ,"Godown,  15000 MT's",Mulugu,18.189546,79.922261
Jaishankar(Bhoopalapalli)  ,"Godown,  7500 MT's",Mulugu/ Eturangam ,18.339001,80.430715
Jaishankar(Bhoopalapalli)  ,5000MT Godown ,Venkatapur/ Mulugu,18.243017,79.97857
Jaishankar(Bhoopalapalli)  ,5000MT Godown  ,Kataram,18.610625,79.885333
Jaishankar(Bhoopalapalli)  ,"Godown,  2500 MT's",Mogulapally(M),18.324202,79.642309
Jaishankar(Bhoopalapalli)  ,"Godown,  2500 MT's",Bhupalpally(M),,
Jaishankar(Bhoopalapalli)  ,5000MT Godown  ,Mahadevpur / Kataram,,
Jangaon  ,"Godown,   5000MT's",Kodakandla/ Palakurthy ,17.656896,79.430357
Jangaon  ,"Godown,  5000 MT's",Ghanpur (Stn),17.84469,79.375237
Jangaon  ,"Godown,  5000 MT's",Cherial/ Bachannapet ,17.792455,79.047974
Jangaon  ,5000MT Godown ,Raghunhapalle/ jangaon,17.734271,79.208535
Jangaon  ,5000MT Godown  ,Zaffergarh/ Ghanpur,17.797545,79.491304
Jangaon  ,"Godown,  5000 MT's",Kodakandla,17.531022,78.500793
Jangaon  ,5000MT Godown ,Devaruppula/ Kodakandla,17.553224,79.364046
Jangaon  ,5000MT Godown  ,Lingal Ghanpur/ Jangaon,17.705407,79.16259
Jangaon  ,5000MT Godown ,Jangaon,17.756855,79.10736
Jangaon  ,5000MT Godown ,Narmetta/ Cherial,17.91575,79.175487
Karimnagar ,"Godown,  5000 MT's",Huzurabad/ Kesavapnam,18.293354,79.305457
Karimnagar ,5000MT Godown  ,Gopalraopet / Gangadhara,18.694221,79.06171
Karimnagar ,5000MT Godown  ,Gangadhara,18.57804,79.024462
Karimnagar ,7500 MT Godown  ,Choppadandi ,18.538548,79.133598
Karimnagar ,5000MT Godown   ,Saidapur / Huzurabad,18.216462,79.261032
Karimnagar ,5000MT Godown   ,Manakondur(M),,
Karimnagar ,"Godown,  2500 MT's",Ganneruvaram  (M),,
Karimnagar ,"Godown,  5000 MT's",Jammikunta New Yard,,
Jagityal ,"Godown,  5000 MT's",Jagityal/ Chelgal ,18.847078,78.631138
Jagityal ,"Godown,  2500 MT's",Dharmapuri/ Raikal  ,18.91709,78.798278
Jagityal ,"Godown,  5000 MT's",Maillial/ Chepityal ,18.625535,78.930255
Jagityal ,"Godown,   5000MT's",Dharmaram/ Velgatoor ,18.76599,79.193333
Jagityal ,"Godown,  2500 MT's",Gollapally/ Pegadapally ,18.694272,79.061708
Jagityal ,"Godown,  2500 MT's",Ibrahimpnam,18.899747,78.579805
Jagityal ,5000MT Godown  ,Mallapur,18.917258,78.797487
Jagityal ,5000MT Godown  ,Kodimial / Mallial,18.578066,79.024411
Jagityal ,5000MT Godown   ,Sarangapur / Dharmapuri,18.850208,79.169052
Jagityal ,"Godown,  10000MT's",Metpally,18.848076,78.630788
Jagityal ,"Godown,  2500 MT's",Medipalli (M),,
Jagityal ,5000MT Godown  ,Rajaram(V)/ Dharmapuri(M)                     ,,
Sircilla ,"Godown,  5000 MT's",Vemulawada/ Bowenpally ,18.506035,78.927961
Sircilla ,"Godown,  5000 MT's",Pothagal,18.280717,78.660795
Sircilla ,5000MT Godown  ,Gambhirraopet / Pothgal,18.288279,78.537215
Sircilla ,5000MT Godown  ,Chandurthi / Vemulawada,18.535589,78.803255
Sircilla ,"Godown,  5000 MT's",Sircilla,18.361556,78.752786
Sircilla ,"Godown,  5000 MT's",Pothagal/ Boppapur,18.371101,78.63081
Sircilla ,5000MT Godown   ,Konaraopet / Vemulawada,18.481007,78.69218
Sircilla ,5000MT Godown  ,Ellandukunta / Sircilla,18.320439,78.926058
Sircilla ,5000MT Godown   , Mandepalli(V) / Thangallapalli (M),,
Peddapally ,"Godown,  5000 MT's",Peddapally/ Pothkapally,,
Peddapally ,"Godown,  5000 MT's",Sulthanabad/ Garrepally  ,18.496962,79.246967
Peddapally ,"Godown,  2500 MT's",Peddapally/ Srirampur ,18.47727,79.532763
Peddapally ,5000MT Godown  ,Manthani,18.506212,79.266202
Peddapally ,"Godown,  2500 MT's",Dharmaram,18.734923,79.197163
Khammam ,"Godown,  2500 MT's",Nelakondapally,17.098775,80.042648
Khammam ,"Godown,  5000 MT's",Madhira/ Yerrupalem,,
Khammam ,"Godown,  2500 MT's",Enkoor ,17.328311,80.438846
Khammam ,5000MT Godown  ,Vemsoor/ Sathupally,,
Khammam ,5000MT Godown ,Ayyagaripet/ Sathupally ,,
Khammam ,5000MT Godown  ,Konijerla/ Wyra,17.211038,80.291854
Khammam ,5000MT Godown  ,Nelakondapally/ Singareddypalem ,17.104048,80.040232
Khammam ,10000MT Godown ,Khammam(Rural),17.283618,80.092939
Khammam ,5000MT Godown  ,Chinthakani/ Khammam,17.163117,80.221571
Khammam ,5000MT Godown  ,Bonakal/ Madhira,17.026961,80.248894
Khammam ,5000MT Godown  ,Singareni/ Yellandu ,17.512531,80.277132
Khammam ,5000MT Godown  ,Kamepalle/ Yellandu ,17.395055,80.277994
Khammam ,5000MT Godown  ,Manchukonda (V) Raghunadhapalem (M),,
Khammam ,5000MT Godown ,Kalluru,,
Kothagudem ,"Godown,  5000 MT's",Kothagudem/ Chandrugonda,,
Kothagudem ,"Godown,  2500 MT's",Kothagudem,,
Kothagudem ,"Godown,  2500 MT's",Bhadrachalam,17.67099,80.896252
Kothagudem ,"Godown,  2500 MT's",Burgampahad/ Aswapuram,17.836021,80.842822
Kothagudem ,5000MT Godown  ,Tekulapalle/          Yellandu ,,
Kothagudem ,5000MT Godown  ,Mulakalapalle/ Dhammapet,,
Kothagudem ,5000MT Godown  ,Aswaraopeta/  Dhammapet,,
Kothagudem ,5000MT Godown  ,Pinapaka/ Burgampahad,,
Kothagudem ,5000MT Godown  ,Julurpad/ Enkoor,17.392638,80.498443
Kothagudem ,5000MT Godown  ,Gundala/ Yellandu,,
Kothagudem ,"Godown,  2500 MT's"," Bangaruchelaka (V),              Laxmidevipalli (M)",,
Kothagudem ,"Godown,  2500 MT's", Sujathanagar(M) ,,
Kothagudem ,"Godown,  2500 MT's",Armoor,18.78821,78.289097
Kothagudem ,"Godown,  7500MT's",Kisannagar,18.905894,78.357022
Kothagudem ,"Godown,  5000 MT's",Bodhan,18.647181,77.885654
Kothagudem ,"Godown,  2500 MT's",Varni,18.535749,77.887377
Kothagudem ,"Godown,   5000MT's",Varni /Kotagiri,18.565116,77.814764
Kothagudem ,"Godown,  5000 MT's",Kamarpally,18.83763,78.524238
Kothagudem ,5000MT Godown,Bheemgal/ kammarpally,18.722294,78.48745
Kothagudem ,5000MT Godown  ,Nandipet/ Nizamabad,18.840855,78.138333
Kothagudem ,5000MT Godown ,Vailpur/ Armoor,18.800387,78.363907
Kothagudem ,5000MT Godown ,Renjal/ Bodhan,18.754771,77.935496
Kothagudem ,5000MT Godown ,Marthed/ kammarpally,18.827531,78.451052
Kothagudem ,5000MT Godown ,Makloor/ Nizamabad,18.758172,78.128967
Kothagudem ,5000MT Godown ,Balkonda/ Armoor,18.876767,78.34742
Kothagudem ,5000MT Godown ,Navipet/ Nizamabad,18.761763,78.000489
Kothagudem ,5000MT Godown ,Yedipally/ Bodhan,18.699899,78.009879
Kothagudem ,"Godown,  20000 MT",Nizamabad,18.631435,78.050802
Kothagudem ,5000MT Godown ,Sirikonda/ kammarpally,,
Kothagudem ,"Godown,  2500 MT's",Doodgaon (V) / Balkonda (M),,
Kothagudem ,"Godown,  2500 MT's",Yergatla(M),,
Kamareddy ,"Godown,  2500 MT's",Gandhari,18.400226,78.107088
Kamareddy ,"Godown,  2500 MT's",Madnoor,18.509681,77.621089
Kamareddy ,"Godown,  2500 MT's",Yellareddy,18.189271,78.021386
Kamareddy ,"Godown,  2500 MT's",Yellareddy/ Nagireddypet,18.113212,78.133242
Kamareddy ,"Godown,   5000MT's",Pitlam,18.228387,77.82356
Kamareddy ,"Godown,  5000 MT's",Biknoor,18.256627,78.380584
Kamareddy ,"Godown,  5000 MT's",Banswada/ Birkur,18.469626,77.804448
Kamareddy ,5000MT Godown ,Kamareddy,18.342201,78.337687
Kamareddy ,5000MT Godown ,Sadasivnagar/ Kamareddy,18.38736,78.29055
Kamareddy ,5000MT Godown ,Lingampet/ Yellareddy,18.282944,78.168242
Kamareddy ,5000MT Godown ,Jukkal/ Madnoor,18.351347,77.597875
Kamareddy ,5000MT Godown ,Tadwai/ Kamareddy,18.299469,78.265288
Kamareddy ,5000MT Godown ,Nizamsagar/ Pitlam,18.228899,77.945073
Kamareddy , 5000MT Godown,Bichkunda/ Madnoor,18.410409,77.725039
Kamareddy ,5000MT Godown ,Domakonda/ Biknoor,18.233719,78.410454
Kamareddy ,"Godown,  2500 MT's",Pavancha             Marry (V)/ Machareddy(M)          ,18.330454,78.493719
Kamareddy ,"Godown,  2500 MT's",Banswada(M),,
Kamareddy ,"Godown,  2500 MT's",Yellareddy (M),18.187592,78.024924
Kamareddy ,"Godown,  2500 MT's",Nagireddypet(V) / Yellareddy  (M),18.113275,78.133559
Adilabad ,"Godown,  5000 MT's",Indervelly / Narnoor,19.49796,78.848521
Adilabad ,"Godown,  2500 MT's",Echoda,19.440163,78.455853
Adilabad ,5000MT Godown  ,Utnoor /              Jainoor,19.360643,78.776406
Adilabad ,5000MT Godown  ,Boath,19.340501,78.364
Adilabad ,5000MT Godown  ,Inderavelly,19.516785,78.583871
Adilabad ,"Godown,  5000 MT's",Adilabad / Bela,19.71702,78.772981
Adilabad ,5000MT Godown  ,Talamadugu / Adilabad,19.644779,78.39435
Adilabad ,5000MT Godown  ,Tamsi /Adilabad,19.714704,78.476993
Adilabad ,5000MT Godown  ,Gudinathnur / Echoda,19.504049,78.530131
Adilabad ,"Godown,  2500 MT's",Jainath,19.727541,78.642695
Mancherial ,"Godown,  5000 MT's",Luxettipet / Jannaram,19.114602,78.9926
Mancherial ,"Godown,  10000 MT's",Bellampally,19.086889,79.477047
Mancherial ,"Godown,  10000 MT's",Chennur,18.843891,79.787586
Mancherial ,5000MT Godown  ,Mandamarri / Mancherial,18.972732,79.491351
Mancherial ,5000MT Godown  ,Jaipur / Chennur,18.84886,79.689062
Mancherial ,5000MT Godown  ,Kasipet /  Bellampally,19.040004,79.442579
Mancherial ,5000MT Godown  ,Kotapally / Chennur,18.887825,79.794195
Mancherial ,"Godown,  7500MT's",Luxettipet / Lingapur,19.025272,79.126723
Mancherial ,5000MT Godown  ,Vemunapalle / Bellampally,19.111685,79.841291
Mancherial ,5000MT Godown  ,Tandur  / Bellampally,19.167441,79.487818
Mancherial ,5000MT Godown  ,Nennal / Bellampally,,
Mancherial ,5000MT Godown  ,Bheemini / Bellampally,,
Mancherial ,5000MT Godown  ,Dandepalle / Luxettipet,,
Komram Bheem at Asifabad ,"Godown,  5000 MT's",Jainoor,19.37511,78.905007
Komram Bheem at Asifabad ,5000MT Godown  ,Dahegaon / Kagaznagar,19.264557,79.691508
Komram Bheem at Asifabad ,5000MT Godown  ,Bejjur / Kagaznagar,19.343567,79.86887
Komram Bheem at Asifabad ,5000MT Godown  ,Kagaznagar,19.347261,79.495838
Komram Bheem at Asifabad ,5000MT Godown  ,Kowtala / Kagaznagar,19.517395,79.729979
Komram Bheem at Asifabad ,5000MT Godown  ,Rebbana / Asifabad,19.308269,79.402002
Komram Bheem at Asifabad ,5000MT Godown  ,Sirpur(U) / Jainoor,19.344347,78.936413
Komram Bheem at Asifabad ,10000MT Godown  ,Asifabad / Adilabad,19.359937,79.266953
Komram Bheem at Asifabad ,5000MT Godown  ,Kerameri / Asifabad,19.452136,79.036058
Komram Bheem at Asifabad ,5000MT Godown  ,Sirpur (T) / Kagaznagar,19.469024,79.566246
Komram Bheem at Asifabad ,"Godown,  5000 MT's",Asifabad / Wankidi,19.445499,79.313586
Komram Bheem at Asifabad ,5000MT Godown  ,Tiryani / Asifabad,19.176057,79.390605
Nirmal ,"Godown,  10000MT's",Nirmal,19.141303,78.344087
Nirmal ,"Godown,  5000 MT's",Khanapur,19.044948,78.641701
Nirmal ,"Godown,  5000 MT's",Kubeer / Pulsi,19.228489,77.894577
Nirmal ,5000MT Godown  ,Dilawarpur / Nirmal,19.022429,78.074191
Nirmal ,5000MT Godown  ,Sarangapur,19.141299,78.344109
Nirmal ,5000MT Godown  ,Lokeshwaram / Nirmal,19.025617,78.075036
Nirmal ,5000MT Godown  ,Mudhole / Bhainsa,18.864817,77.954527
Nirmal ,5000MT Godown  ,Kuntala / Sarangapur,19.23795,77.840023
Nirmal ,5000MT Godown  ,Tanur / Bhainsa,19.014419,77.839351
Nirmal ,"Godown,  10000MT's",Bhainsa (New Market Yard),19.177112,77.875214
Nirmal ,5000MT Godown  ,Mamda(M),,
Nirmal ,5000MT Godown  ,Laxmanchanda (M),,
Medak ,"Godown,   10000 MT's",Medak,18.039018,78.257074
Medak ,"Godown,  7500 MT's  (5000MT's)",Ramayampet,18.10531,78.433336
Medak ,"Godown,  10000 MT's",Chegunta,17.979648,78.455257
Medak ,"Godown,  10000 MT's",Narsapur,17.74795,78.288362
Medak ,5000MT Godown  ,Kulcharam / Medak,17.942372,78.197587
Medak ,2500MT Godown  ,Chinna Shankarampet /Ramayampet,17.984237,78.414499
Medak ,5000MT Godown  ,Toopran / Vantimamidi,17.783411,78.468593
Medak ,5000MT Godown  ,Shankarmapet(A) / Jogipet,18.0444,77.918786
Medak ,2500MT Godown   ,Tekmal/ Jogipet,17.980931,78.025425
Medak ,2500MT Godown  ,Regode/ Vatpally,17.96876,77.831546
Medak ,5000MT Godown  ,Shivampet / Chinna gottimukkala,17.772694,78.359234
Medak ,5000MT Godown  ,Kowdipally / Narsapur,17.898006,78.205066
Medak ,5000MT Godown  ,Masaipet / Medak,17.899605,78.469725
Medak ,5000MT Godown  ,Pappannapet / Medak,18.026798,78.072989
Sangareddy ,2500MT Godown  ,Kalher / Narayankhed,18.144981,77.855698
Sangareddy ,2500MT Godown  ,Kangti / Narayankhed,18.212237,77.609962
Sangareddy ,7500MT Godown  ,Naryankhed,18.050339,77.814901
Sangareddy ,2500MT Godown  ,Hathnoora / Doulthabad,17.712394,78.204943
Sangareddy ,2500 MT Godown  ,Kohir / Zaheerabad,17.674276,77.713707
Sangareddy ,5000MT Godown  ,Jarasangham / Zaheerabad,17.785858,77.707366
Sangareddy ,5000MT Godown  ,Zaheerabad / Hoti,17.635023,77.604752
Sangareddy ,2500MT Godown  ,Jinnaram / Narsapur,17.599848,78.304882
Sangareddy ,2500MT Godown  ,Hathnoora / chandapur,17.676299,78.19254
Sangareddy ,5000MT Godown  ,Munipally/ Raikode,17.69081,77.865402
Sangareddy ,2500MT Godown  ,Nyalkal / Mungi,17.820124,77.665745
Sangareddy ,2500MT Godown  ,Manoor / Narayankhed,17.984108,77.740677
Sangareddy ,2500MT Godown  ,Ramachandrapur / Sadashivpet,17.483847,78.244945
Sangareddy ,5000MT Godown  ,Sangareddy  ,17.546176,78.11956
Sangareddy ,5000MT Godown  ,Kondapur / Sadashivpet,17.548564,77.994813
Sangareddy ,10000MT Godown  ,Sadashivpet ,17.626319,77.954412
Sangareddy ,2500MT Godown  ,Pantancheru / Sadashivpet,17.548001,78.214519
Sangareddy ,2500MT Godown  ,Pulkal/ Jogipet,17.670449,77.932635
Siddipet ,"Godown,   2500 MT's",Cherial,17.9095,78.981303
Siddipet ,"Godown,  5000 MT's",Mirdoodi,18.040124,78.665688
Siddipet ,"Godown,  2500 MT's",Husnabad/ Koheda,18.128427,79.101971
Siddipet ,"Godown,  5000MT's",Husnabad,18.127531,79.217085
Siddipet ,5000MT Godown  ,Mulugu / Vantimamidi,17.715688,78.600568
Siddipet ,5000MT Godown  ,Kondapaka / Thogutta,17.982943,78.868713
Siddipet ,5000MT Godown  ,Mittapally / Siddipet,18.083385,78.910273
Siddipet ,5000MT Godown  ,Dubbak,18.180828,78.674162
Siddipet ,10000MT Godown  ,Bejjanki / Karimnagar,18.228195,79.016062
Siddipet ,"Godown,  20000 MT's",Siddipet,18.122784,78.870602
Siddipet ,5000MT Godown  ,Chinnakodur / Siddipet,18.170903,78.897231
Siddipet ,5000MT Godown  ,Doulthabad,17.989275,78.562705
Siddipet ,10000MT Godown  ,Gajwel,17.820365,78.676412
Siddipet ,10000MT Godown   ,Jagdevpur/ Gajwel,17.796245,78.822092
Siddipet ,5000MT Godown ,Maddur/ Cherial,17.916999,79.055223
Siddipet ,5000MT Godown  ,Wargal / Vantimamidi,17.778051,78.589726